n;V1;;;;;;;;;;
Abstract116;1;;;;;;;;;;
Abstract146;1;;;;;;;;;Etiquetas de fila;Cuenta de n
Abstract161;1;;;;;;;;;1;21
Abstract293;1;;;;;;;;;2;28
Abstract304;1;;;;;;;;;3;43
Abstract342;1;;;;;;;;;4;35
Abstract415;1;;;;;;;;;5;27
Abstract537;1;;;;;;;;;6;35
Abstract631;1;;;;;;;;;7;29
Abstract711;1;;;;;;;;;8;17
Abstract781;1;;;;;;;;;9;50
Abstract829;1;;;;;;;;;10;31
Abstract835;1;;;;;;;;;11;40
Abstract921;1;;;;;;;;;12;23
Abstract1373;1;;;;;;;;;13;28
Abstract1387;1;;;;;;;;;14;30
Abstract1388;1;;;;;;;;;15;20
Abstract1389;1;;;;;;;;;16;34
Abstract1392;1;;;;;;;;;17;45
Abstract1418;1;;;;;;;;;18;32
Abstract1420;1;;;;;;;;;19;39
Abstract48;2;;;;;;;;;20;42
Abstract123;2;;;;;;;;;21;29
Abstract131;2;;;;;;;;;22;34
Abstract147;2;;;;;;;;;23;20
Abstract185;2;;;;;;;;;24;31
Abstract206;2;;;;;;;;;25;22
Abstract247;2;;;;;;;;;26;36
Abstract296;2;;;;;;;;;27;34
Abstract303;2;;;;;;;;;28;36
Abstract420;2;;;;;;;;;29;24
Abstract511;2;;;;;;;;;30;34
Abstract570;2;;;;;;;;;31;40
Abstract639;2;;;;;;;;;32;45
Abstract744;2;;;;;;;;;33;59
Abstract806;2;;;;;;;;;34;26
Abstract871;2;;;;;;;;;35;29
Abstract936;2;;;;;;;;;36;27
Abstract972;2;;;;;;;;;37;45
Abstract1016;2;;;;;;;;;38;24
Abstract1023;2;;;;;;;;;39;38
Abstract1044;2;;;;;;;;;40;26
Abstract1045;2;;;;;;;;;41;43
Abstract1063;2;;;;;;;;;42;33
Abstract1099;2;;;;;;;;;43;19
Abstract1139;2;;;;;;;;;44;48
Abstract1181;2;;;;;;;;;45;30
Abstract1259;2;;;;;;;;;Total general;1481
Abstract1385;2;;;;;;;;;;
Abstract24;3;;;;;;;;;;
Abstract62;3;;;;;;;;;;
Abstract64;3;;;;;;;;;;
Abstract85;3;;;;;;;;;;
Abstract109;3;;;;;;;;;;
Abstract280;3;;;;;;;;;;
Abstract290;3;;;;;;;;;;
Abstract350;3;;;;;;;;;;
Abstract364;3;;;;;;;;;;
Abstract366;3;;;;;;;;;;
Abstract392;3;;;;;;;;;;
Abstract394;3;;;;;;;;;;
Abstract423;3;;;;;;;;;;
Abstract448;3;;;;;;;;;;
Abstract449;3;;;;;;;;;;
Abstract510;3;;;;;;;;;;
Abstract544;3;;;;;;;;;;
Abstract565;3;;;;;;;;;;
Abstract602;3;;;;;;;;;;
Abstract604;3;;;;;;;;;;
Abstract617;3;;;;;;;;;;
Abstract637;3;;;;;;;;;;
Abstract653;3;;;;;;;;;;
Abstract657;3;;;;;;;;;;
Abstract662;3;;;;;;;;;;
Abstract700;3;;;;;;;;;;
Abstract718;3;;;;;;;;;;
Abstract807;3;;;;;;;;;;
Abstract817;3;;;;;;;;;;
Abstract853;3;;;;;;;;;;
Abstract912;3;;;;;;;;;;
Abstract934;3;;;;;;;;;;
Abstract940;3;;;;;;;;;;
Abstract1048;3;;;;;;;;;;
Abstract1058;3;;;;;;;;;;
Abstract1065;3;;;;;;;;;;
Abstract1098;3;;;;;;;;;;
Abstract1125;3;;;;;;;;;;
Abstract1128;3;;;;;;;;;;
Abstract1205;3;;;;;;;;;;
Abstract1236;3;;;;;;;;;;
Abstract1366;3;;;;;;;;;;
Abstract1451;3;;;;;;;;;;
Abstract28;4;;;;;;;;;;
Abstract49;4;;;;;;;;;;
Abstract50;4;;;;;;;;;;
Abstract107;4;;;;;;;;;;
Abstract205;4;;;;;;;;;;
Abstract270;4;;;;;;;;;;
Abstract306;4;;;;;;;;;;
Abstract322;4;;;;;;;;;;
Abstract331;4;;;;;;;;;;
Abstract421;4;;;;;;;;;;
Abstract426;4;;;;;;;;;;
Abstract560;4;;;;;;;;;;
Abstract591;4;;;;;;;;;;
Abstract618;4;;;;;;;;;;
Abstract622;4;;;;;;;;;;
Abstract626;4;;;;;;;;;;
Abstract648;4;;;;;;;;;;
Abstract672;4;;;;;;;;;;
Abstract772;4;;;;;;;;;;
Abstract897;4;;;;;;;;;;
Abstract901;4;;;;;;;;;;
Abstract925;4;;;;;;;;;;
Abstract954;4;;;;;;;;;;
Abstract1057;4;;;;;;;;;;
Abstract1159;4;;;;;;;;;;
Abstract1184;4;;;;;;;;;;
Abstract1209;4;;;;;;;;;;
Abstract1246;4;;;;;;;;;;
Abstract1327;4;;;;;;;;;;
Abstract1331;4;;;;;;;;;;
Abstract1334;4;;;;;;;;;;
Abstract1335;4;;;;;;;;;;
Abstract1439;4;;;;;;;;;;
Abstract1477;4;;;;;;;;;;
Abstract1478;4;;;;;;;;;;
Abstract51;5;;;;;;;;;;
Abstract94;5;;;;;;;;;;
Abstract126;5;;;;;;;;;;
Abstract134;5;;;;;;;;;;
Abstract142;5;;;;;;;;;;
Abstract313;5;;;;;;;;;;
Abstract363;5;;;;;;;;;;
Abstract370;5;;;;;;;;;;
Abstract379;5;;;;;;;;;;
Abstract382;5;;;;;;;;;;
Abstract458;5;;;;;;;;;;
Abstract476;5;;;;;;;;;;
Abstract603;5;;;;;;;;;;
Abstract702;5;;;;;;;;;;
Abstract797;5;;;;;;;;;;
Abstract842;5;;;;;;;;;;
Abstract895;5;;;;;;;;;;
Abstract898;5;;;;;;;;;;
Abstract922;5;;;;;;;;;;
Abstract933;5;;;;;;;;;;
Abstract967;5;;;;;;;;;;
Abstract1037;5;;;;;;;;;;
Abstract1267;5;;;;;;;;;;
Abstract1273;5;;;;;;;;;;
Abstract1284;5;;;;;;;;;;
Abstract1408;5;;;;;;;;;;
Abstract1468;5;;;;;;;;;;
Abstract39;6;;;;;;;;;;
Abstract102;6;;;;;;;;;;
Abstract149;6;;;;;;;;;;
Abstract221;6;;;;;;;;;;
Abstract222;6;;;;;;;;;;
Abstract248;6;;;;;;;;;;
Abstract249;6;;;;;;;;;;
Abstract260;6;;;;;;;;;;
Abstract261;6;;;;;;;;;;
Abstract316;6;;;;;;;;;;
Abstract405;6;;;;;;;;;;
Abstract529;6;;;;;;;;;;
Abstract535;6;;;;;;;;;;
Abstract610;6;;;;;;;;;;
Abstract638;6;;;;;;;;;;
Abstract719;6;;;;;;;;;;
Abstract736;6;;;;;;;;;;
Abstract763;6;;;;;;;;;;
Abstract930;6;;;;;;;;;;
Abstract1035;6;;;;;;;;;;
Abstract1038;6;;;;;;;;;;
Abstract1040;6;;;;;;;;;;
Abstract1041;6;;;;;;;;;;
Abstract1047;6;;;;;;;;;;
Abstract1170;6;;;;;;;;;;
Abstract1185;6;;;;;;;;;;
Abstract1188;6;;;;;;;;;;
Abstract1200;6;;;;;;;;;;
Abstract1214;6;;;;;;;;;;
Abstract1254;6;;;;;;;;;;
Abstract1278;6;;;;;;;;;;
Abstract1296;6;;;;;;;;;;
Abstract1319;6;;;;;;;;;;
Abstract1411;6;;;;;;;;;;
Abstract1431;6;;;;;;;;;;
Abstract34;7;;;;;;;;;;
Abstract59;7;;;;;;;;;;
Abstract74;7;;;;;;;;;;
Abstract86;7;;;;;;;;;;
Abstract87;7;;;;;;;;;;
Abstract241;7;;;;;;;;;;
Abstract406;7;;;;;;;;;;
Abstract463;7;;;;;;;;;;
Abstract503;7;;;;;;;;;;
Abstract504;7;;;;;;;;;;
Abstract515;7;;;;;;;;;;
Abstract521;7;;;;;;;;;;
Abstract523;7;;;;;;;;;;
Abstract526;7;;;;;;;;;;
Abstract561;7;;;;;;;;;;
Abstract640;7;;;;;;;;;;
Abstract647;7;;;;;;;;;;
Abstract888;7;;;;;;;;;;
Abstract893;7;;;;;;;;;;
Abstract1094;7;;;;;;;;;;
Abstract1102;7;;;;;;;;;;
Abstract1119;7;;;;;;;;;;
Abstract1134;7;;;;;;;;;;
Abstract1141;7;;;;;;;;;;
Abstract1201;7;;;;;;;;;;
Abstract1210;7;;;;;;;;;;
Abstract1250;7;;;;;;;;;;
Abstract1283;7;;;;;;;;;;
Abstract1370;7;;;;;;;;;;
Abstract58;8;;;;;;;;;;
Abstract70;8;;;;;;;;;;
Abstract99;8;;;;;;;;;;
Abstract191;8;;;;;;;;;;
Abstract362;8;;;;;;;;;;
Abstract454;8;;;;;;;;;;
Abstract524;8;;;;;;;;;;
Abstract548;8;;;;;;;;;;
Abstract620;8;;;;;;;;;;
Abstract725;8;;;;;;;;;;
Abstract844;8;;;;;;;;;;
Abstract1215;8;;;;;;;;;;
Abstract1221;8;;;;;;;;;;
Abstract1312;8;;;;;;;;;;
Abstract1313;8;;;;;;;;;;
Abstract1377;8;;;;;;;;;;
Abstract1386;8;;;;;;;;;;
Abstract89;9;;;;;;;;;;
Abstract171;9;;;;;;;;;;
Abstract213;9;;;;;;;;;;
Abstract214;9;;;;;;;;;;
Abstract215;9;;;;;;;;;;
Abstract335;9;;;;;;;;;;
Abstract349;9;;;;;;;;;;
Abstract353;9;;;;;;;;;;
Abstract361;9;;;;;;;;;;
Abstract391;9;;;;;;;;;;
Abstract466;9;;;;;;;;;;
Abstract474;9;;;;;;;;;;
Abstract475;9;;;;;;;;;;
Abstract478;9;;;;;;;;;;
Abstract484;9;;;;;;;;;;
Abstract600;9;;;;;;;;;;
Abstract607;9;;;;;;;;;;
Abstract609;9;;;;;;;;;;
Abstract630;9;;;;;;;;;;
Abstract658;9;;;;;;;;;;
Abstract691;9;;;;;;;;;;
Abstract753;9;;;;;;;;;;
Abstract767;9;;;;;;;;;;
Abstract770;9;;;;;;;;;;
Abstract793;9;;;;;;;;;;
Abstract800;9;;;;;;;;;;
Abstract801;9;;;;;;;;;;
Abstract824;9;;;;;;;;;;
Abstract938;9;;;;;;;;;;
Abstract985;9;;;;;;;;;;
Abstract986;9;;;;;;;;;;
Abstract1084;9;;;;;;;;;;
Abstract1151;9;;;;;;;;;;
Abstract1196;9;;;;;;;;;;
Abstract1206;9;;;;;;;;;;
Abstract1256;9;;;;;;;;;;
Abstract1260;9;;;;;;;;;;
Abstract1303;9;;;;;;;;;;
Abstract1323;9;;;;;;;;;;
Abstract1336;9;;;;;;;;;;
Abstract1348;9;;;;;;;;;;
Abstract1371;9;;;;;;;;;;
Abstract1422;9;;;;;;;;;;
Abstract1438;9;;;;;;;;;;
Abstract1441;9;;;;;;;;;;
Abstract1444;9;;;;;;;;;;
Abstract1459;9;;;;;;;;;;
Abstract1464;9;;;;;;;;;;
Abstract1465;9;;;;;;;;;;
Abstract1467;9;;;;;;;;;;
Abstract7;10;;;;;;;;;;
Abstract33;10;;;;;;;;;;
Abstract84;10;;;;;;;;;;
Abstract91;10;;;;;;;;;;
Abstract103;10;;;;;;;;;;
Abstract139;10;;;;;;;;;;
Abstract255;10;;;;;;;;;;
Abstract354;10;;;;;;;;;;
Abstract455;10;;;;;;;;;;
Abstract568;10;;;;;;;;;;
Abstract628;10;;;;;;;;;;
Abstract667;10;;;;;;;;;;
Abstract670;10;;;;;;;;;;
Abstract688;10;;;;;;;;;;
Abstract697;10;;;;;;;;;;
Abstract699;10;;;;;;;;;;
Abstract733;10;;;;;;;;;;
Abstract741;10;;;;;;;;;;
Abstract929;10;;;;;;;;;;
Abstract1033;10;;;;;;;;;;
Abstract1121;10;;;;;;;;;;
Abstract1122;10;;;;;;;;;;
Abstract1154;10;;;;;;;;;;
Abstract1178;10;;;;;;;;;;
Abstract1193;10;;;;;;;;;;
Abstract1211;10;;;;;;;;;;
Abstract1258;10;;;;;;;;;;
Abstract1263;10;;;;;;;;;;
Abstract1298;10;;;;;;;;;;
Abstract1424;10;;;;;;;;;;
Abstract1474;10;;;;;;;;;;
Abstract254;11;;;;;;;;;;
Abstract312;11;;;;;;;;;;
Abstract314;11;;;;;;;;;;
Abstract355;11;;;;;;;;;;
Abstract357;11;;;;;;;;;;
Abstract412;11;;;;;;;;;;
Abstract422;11;;;;;;;;;;
Abstract451;11;;;;;;;;;;
Abstract469;11;;;;;;;;;;
Abstract470;11;;;;;;;;;;
Abstract471;11;;;;;;;;;;
Abstract472;11;;;;;;;;;;
Abstract479;11;;;;;;;;;;
Abstract497;11;;;;;;;;;;
Abstract499;11;;;;;;;;;;
Abstract541;11;;;;;;;;;;
Abstract579;11;;;;;;;;;;
Abstract595;11;;;;;;;;;;
Abstract654;11;;;;;;;;;;
Abstract656;11;;;;;;;;;;
Abstract668;11;;;;;;;;;;
Abstract679;11;;;;;;;;;;
Abstract680;11;;;;;;;;;;
Abstract903;11;;;;;;;;;;
Abstract978;11;;;;;;;;;;
Abstract980;11;;;;;;;;;;
Abstract988;11;;;;;;;;;;
Abstract1002;11;;;;;;;;;;
Abstract1007;11;;;;;;;;;;
Abstract1017;11;;;;;;;;;;
Abstract1042;11;;;;;;;;;;
Abstract1060;11;;;;;;;;;;
Abstract1328;11;;;;;;;;;;
Abstract1397;11;;;;;;;;;;
Abstract1401;11;;;;;;;;;;
Abstract1402;11;;;;;;;;;;
Abstract1403;11;;;;;;;;;;
Abstract1405;11;;;;;;;;;;
Abstract1413;11;;;;;;;;;;
Abstract1421;11;;;;;;;;;;
Abstract19;12;;;;;;;;;;
Abstract98;12;;;;;;;;;;
Abstract173;12;;;;;;;;;;
Abstract175;12;;;;;;;;;;
Abstract179;12;;;;;;;;;;
Abstract281;12;;;;;;;;;;
Abstract347;12;;;;;;;;;;
Abstract468;12;;;;;;;;;;
Abstract549;12;;;;;;;;;;
Abstract572;12;;;;;;;;;;
Abstract606;12;;;;;;;;;;
Abstract731;12;;;;;;;;;;
Abstract739;12;;;;;;;;;;
Abstract754;12;;;;;;;;;;
Abstract968;12;;;;;;;;;;
Abstract1111;12;;;;;;;;;;
Abstract1156;12;;;;;;;;;;
Abstract1227;12;;;;;;;;;;
Abstract1237;12;;;;;;;;;;
Abstract1257;12;;;;;;;;;;
Abstract1307;12;;;;;;;;;;
Abstract1311;12;;;;;;;;;;
Abstract1435;12;;;;;;;;;;
Abstract5;13;;;;;;;;;;
Abstract10;13;;;;;;;;;;
Abstract15;13;;;;;;;;;;
Abstract21;13;;;;;;;;;;
Abstract46;13;;;;;;;;;;
Abstract151;13;;;;;;;;;;
Abstract283;13;;;;;;;;;;
Abstract310;13;;;;;;;;;;
Abstract358;13;;;;;;;;;;
Abstract432;13;;;;;;;;;;
Abstract558;13;;;;;;;;;;
Abstract573;13;;;;;;;;;;
Abstract615;13;;;;;;;;;;
Abstract665;13;;;;;;;;;;
Abstract892;13;;;;;;;;;;
Abstract909;13;;;;;;;;;;
Abstract951;13;;;;;;;;;;
Abstract1055;13;;;;;;;;;;
Abstract1076;13;;;;;;;;;;
Abstract1120;13;;;;;;;;;;
Abstract1186;13;;;;;;;;;;
Abstract1229;13;;;;;;;;;;
Abstract1252;13;;;;;;;;;;
Abstract1253;13;;;;;;;;;;
Abstract1318;13;;;;;;;;;;
Abstract1353;13;;;;;;;;;;
Abstract1414;13;;;;;;;;;;
Abstract1479;13;;;;;;;;;;
Abstract14;14;;;;;;;;;;
Abstract35;14;;;;;;;;;;
Abstract36;14;;;;;;;;;;
Abstract42;14;;;;;;;;;;
Abstract60;14;;;;;;;;;;
Abstract115;14;;;;;;;;;;
Abstract287;14;;;;;;;;;;
Abstract339;14;;;;;;;;;;
Abstract390;14;;;;;;;;;;
Abstract632;14;;;;;;;;;;
Abstract678;14;;;;;;;;;;
Abstract782;14;;;;;;;;;;
Abstract809;14;;;;;;;;;;
Abstract840;14;;;;;;;;;;
Abstract841;14;;;;;;;;;;
Abstract943;14;;;;;;;;;;
Abstract1067;14;;;;;;;;;;
Abstract1096;14;;;;;;;;;;
Abstract1140;14;;;;;;;;;;
Abstract1142;14;;;;;;;;;;
Abstract1150;14;;;;;;;;;;
Abstract1179;14;;;;;;;;;;
Abstract1182;14;;;;;;;;;;
Abstract1195;14;;;;;;;;;;
Abstract1228;14;;;;;;;;;;
Abstract1314;14;;;;;;;;;;
Abstract1329;14;;;;;;;;;;
Abstract1339;14;;;;;;;;;;
Abstract1352;14;;;;;;;;;;
Abstract1391;14;;;;;;;;;;
Abstract6;15;;;;;;;;;;
Abstract158;15;;;;;;;;;;
Abstract198;15;;;;;;;;;;
Abstract318;15;;;;;;;;;;
Abstract441;15;;;;;;;;;;
Abstract460;15;;;;;;;;;;
Abstract482;15;;;;;;;;;;
Abstract552;15;;;;;;;;;;
Abstract581;15;;;;;;;;;;
Abstract634;15;;;;;;;;;;
Abstract751;15;;;;;;;;;;
Abstract821;15;;;;;;;;;;
Abstract878;15;;;;;;;;;;
Abstract932;15;;;;;;;;;;
Abstract1143;15;;;;;;;;;;
Abstract1192;15;;;;;;;;;;
Abstract1269;15;;;;;;;;;;
Abstract1360;15;;;;;;;;;;
Abstract1369;15;;;;;;;;;;
Abstract1463;15;;;;;;;;;;
Abstract32;16;;;;;;;;;;
Abstract100;16;;;;;;;;;;
Abstract128;16;;;;;;;;;;
Abstract129;16;;;;;;;;;;
Abstract159;16;;;;;;;;;;
Abstract180;16;;;;;;;;;;
Abstract212;16;;;;;;;;;;
Abstract317;16;;;;;;;;;;
Abstract320;16;;;;;;;;;;
Abstract321;16;;;;;;;;;;
Abstract402;16;;;;;;;;;;
Abstract438;16;;;;;;;;;;
Abstract492;16;;;;;;;;;;
Abstract645;16;;;;;;;;;;
Abstract677;16;;;;;;;;;;
Abstract710;16;;;;;;;;;;
Abstract717;16;;;;;;;;;;
Abstract791;16;;;;;;;;;;
Abstract836;16;;;;;;;;;;
Abstract1054;16;;;;;;;;;;
Abstract1056;16;;;;;;;;;;
Abstract1071;16;;;;;;;;;;
Abstract1072;16;;;;;;;;;;
Abstract1083;16;;;;;;;;;;
Abstract1087;16;;;;;;;;;;
Abstract1088;16;;;;;;;;;;
Abstract1089;16;;;;;;;;;;
Abstract1092;16;;;;;;;;;;
Abstract1093;16;;;;;;;;;;
Abstract1189;16;;;;;;;;;;
Abstract1240;16;;;;;;;;;;
Abstract1251;16;;;;;;;;;;
Abstract1354;16;;;;;;;;;;
Abstract1393;16;;;;;;;;;;
Abstract12;17;;;;;;;;;;
Abstract55;17;;;;;;;;;;
Abstract93;17;;;;;;;;;;
Abstract162;17;;;;;;;;;;
Abstract178;17;;;;;;;;;;
Abstract209;17;;;;;;;;;;
Abstract227;17;;;;;;;;;;
Abstract230;17;;;;;;;;;;
Abstract240;17;;;;;;;;;;
Abstract319;17;;;;;;;;;;
Abstract323;17;;;;;;;;;;
Abstract445;17;;;;;;;;;;
Abstract446;17;;;;;;;;;;
Abstract456;17;;;;;;;;;;
Abstract461;17;;;;;;;;;;
Abstract462;17;;;;;;;;;;
Abstract501;17;;;;;;;;;;
Abstract513;17;;;;;;;;;;
Abstract516;17;;;;;;;;;;
Abstract520;17;;;;;;;;;;
Abstract530;17;;;;;;;;;;
Abstract550;17;;;;;;;;;;
Abstract574;17;;;;;;;;;;
Abstract582;17;;;;;;;;;;
Abstract612;17;;;;;;;;;;
Abstract664;17;;;;;;;;;;
Abstract685;17;;;;;;;;;;
Abstract707;17;;;;;;;;;;
Abstract713;17;;;;;;;;;;
Abstract738;17;;;;;;;;;;
Abstract743;17;;;;;;;;;;
Abstract747;17;;;;;;;;;;
Abstract752;17;;;;;;;;;;
Abstract920;17;;;;;;;;;;
Abstract931;17;;;;;;;;;;
Abstract1030;17;;;;;;;;;;
Abstract1070;17;;;;;;;;;;
Abstract1082;17;;;;;;;;;;
Abstract1106;17;;;;;;;;;;
Abstract1110;17;;;;;;;;;;
Abstract1135;17;;;;;;;;;;
Abstract1144;17;;;;;;;;;;
Abstract1175;17;;;;;;;;;;
Abstract1293;17;;;;;;;;;;
Abstract1375;17;;;;;;;;;;
Abstract217;18;;;;;;;;;;
Abstract308;18;;;;;;;;;;
Abstract393;18;;;;;;;;;;
Abstract425;18;;;;;;;;;;
Abstract517;18;;;;;;;;;;
Abstract518;18;;;;;;;;;;
Abstract546;18;;;;;;;;;;
Abstract629;18;;;;;;;;;;
Abstract692;18;;;;;;;;;;
Abstract746;18;;;;;;;;;;
Abstract775;18;;;;;;;;;;
Abstract776;18;;;;;;;;;;
Abstract794;18;;;;;;;;;;
Abstract852;18;;;;;;;;;;
Abstract866;18;;;;;;;;;;
Abstract886;18;;;;;;;;;;
Abstract889;18;;;;;;;;;;
Abstract904;18;;;;;;;;;;
Abstract913;18;;;;;;;;;;
Abstract977;18;;;;;;;;;;
Abstract1015;18;;;;;;;;;;
Abstract1034;18;;;;;;;;;;
Abstract1117;18;;;;;;;;;;
Abstract1190;18;;;;;;;;;;
Abstract1198;18;;;;;;;;;;
Abstract1220;18;;;;;;;;;;
Abstract1249;18;;;;;;;;;;
Abstract1285;18;;;;;;;;;;
Abstract1315;18;;;;;;;;;;
Abstract1316;18;;;;;;;;;;
Abstract1407;18;;;;;;;;;;
Abstract1473;18;;;;;;;;;;
Abstract43;19;;;;;;;;;;
Abstract45;19;;;;;;;;;;
Abstract54;19;;;;;;;;;;
Abstract56;19;;;;;;;;;;
Abstract106;19;;;;;;;;;;
Abstract263;19;;;;;;;;;;
Abstract299;19;;;;;;;;;;
Abstract307;19;;;;;;;;;;
Abstract348;19;;;;;;;;;;
Abstract351;19;;;;;;;;;;
Abstract369;19;;;;;;;;;;
Abstract411;19;;;;;;;;;;
Abstract413;19;;;;;;;;;;
Abstract414;19;;;;;;;;;;
Abstract491;19;;;;;;;;;;
Abstract599;19;;;;;;;;;;
Abstract674;19;;;;;;;;;;
Abstract689;19;;;;;;;;;;
Abstract715;19;;;;;;;;;;
Abstract730;19;;;;;;;;;;
Abstract769;19;;;;;;;;;;
Abstract773;19;;;;;;;;;;
Abstract790;19;;;;;;;;;;
Abstract942;19;;;;;;;;;;
Abstract955;19;;;;;;;;;;
Abstract964;19;;;;;;;;;;
Abstract1172;19;;;;;;;;;;
Abstract1177;19;;;;;;;;;;
Abstract1238;19;;;;;;;;;;
Abstract1270;19;;;;;;;;;;
Abstract1275;19;;;;;;;;;;
Abstract1332;19;;;;;;;;;;
Abstract1340;19;;;;;;;;;;
Abstract1358;19;;;;;;;;;;
Abstract1442;19;;;;;;;;;;
Abstract1443;19;;;;;;;;;;
Abstract1445;19;;;;;;;;;;
Abstract1446;19;;;;;;;;;;
Abstract1447;19;;;;;;;;;;
Abstract4;20;;;;;;;;;;
Abstract18;20;;;;;;;;;;
Abstract29;20;;;;;;;;;;
Abstract66;20;;;;;;;;;;
Abstract133;20;;;;;;;;;;
Abstract136;20;;;;;;;;;;
Abstract160;20;;;;;;;;;;
Abstract166;20;;;;;;;;;;
Abstract167;20;;;;;;;;;;
Abstract169;20;;;;;;;;;;
Abstract184;20;;;;;;;;;;
Abstract186;20;;;;;;;;;;
Abstract195;20;;;;;;;;;;
Abstract218;20;;;;;;;;;;
Abstract286;20;;;;;;;;;;
Abstract288;20;;;;;;;;;;
Abstract436;20;;;;;;;;;;
Abstract528;20;;;;;;;;;;
Abstract553;20;;;;;;;;;;
Abstract812;20;;;;;;;;;;
Abstract825;20;;;;;;;;;;
Abstract830;20;;;;;;;;;;
Abstract855;20;;;;;;;;;;
Abstract928;20;;;;;;;;;;
Abstract935;20;;;;;;;;;;
Abstract1077;20;;;;;;;;;;
Abstract1095;20;;;;;;;;;;
Abstract1097;20;;;;;;;;;;
Abstract1103;20;;;;;;;;;;
Abstract1138;20;;;;;;;;;;
Abstract1242;20;;;;;;;;;;
Abstract1297;20;;;;;;;;;;
Abstract1325;20;;;;;;;;;;
Abstract1330;20;;;;;;;;;;
Abstract1337;20;;;;;;;;;;
Abstract1356;20;;;;;;;;;;
Abstract1412;20;;;;;;;;;;
Abstract1427;20;;;;;;;;;;
Abstract1428;20;;;;;;;;;;
Abstract1454;20;;;;;;;;;;
Abstract1457;20;;;;;;;;;;
Abstract1480;20;;;;;;;;;;
Abstract53;21;;;;;;;;;;
Abstract73;21;;;;;;;;;;
Abstract101;21;;;;;;;;;;
Abstract135;21;;;;;;;;;;
Abstract176;21;;;;;;;;;;
Abstract525;21;;;;;;;;;;
Abstract635;21;;;;;;;;;;
Abstract642;21;;;;;;;;;;
Abstract661;21;;;;;;;;;;
Abstract669;21;;;;;;;;;;
Abstract705;21;;;;;;;;;;
Abstract779;21;;;;;;;;;;
Abstract803;21;;;;;;;;;;
Abstract811;21;;;;;;;;;;
Abstract823;21;;;;;;;;;;
Abstract915;21;;;;;;;;;;
Abstract916;21;;;;;;;;;;
Abstract918;21;;;;;;;;;;
Abstract919;21;;;;;;;;;;
Abstract945;21;;;;;;;;;;
Abstract962;21;;;;;;;;;;
Abstract1101;21;;;;;;;;;;
Abstract1108;21;;;;;;;;;;
Abstract1165;21;;;;;;;;;;
Abstract1168;21;;;;;;;;;;
Abstract1171;21;;;;;;;;;;
Abstract1288;21;;;;;;;;;;
Abstract1290;21;;;;;;;;;;
Abstract1299;21;;;;;;;;;;
Abstract41;22;;;;;;;;;;
Abstract47;22;;;;;;;;;;
Abstract117;22;;;;;;;;;;
Abstract127;22;;;;;;;;;;
Abstract143;22;;;;;;;;;;
Abstract274;22;;;;;;;;;;
Abstract277;22;;;;;;;;;;
Abstract282;22;;;;;;;;;;
Abstract292;22;;;;;;;;;;
Abstract295;22;;;;;;;;;;
Abstract404;22;;;;;;;;;;
Abstract531;22;;;;;;;;;;
Abstract554;22;;;;;;;;;;
Abstract584;22;;;;;;;;;;
Abstract616;22;;;;;;;;;;
Abstract623;22;;;;;;;;;;
Abstract641;22;;;;;;;;;;
Abstract643;22;;;;;;;;;;
Abstract644;22;;;;;;;;;;
Abstract660;22;;;;;;;;;;
Abstract737;22;;;;;;;;;;
Abstract740;22;;;;;;;;;;
Abstract848;22;;;;;;;;;;
Abstract859;22;;;;;;;;;;
Abstract862;22;;;;;;;;;;
Abstract877;22;;;;;;;;;;
Abstract937;22;;;;;;;;;;
Abstract1050;22;;;;;;;;;;
Abstract1079;22;;;;;;;;;;
Abstract1247;22;;;;;;;;;;
Abstract1291;22;;;;;;;;;;
Abstract1381;22;;;;;;;;;;
Abstract1417;22;;;;;;;;;;
Abstract1450;22;;;;;;;;;;
Abstract63;23;;;;;;;;;;
Abstract95;23;;;;;;;;;;
Abstract111;23;;;;;;;;;;
Abstract113;23;;;;;;;;;;
Abstract157;23;;;;;;;;;;
Abstract163;23;;;;;;;;;;
Abstract234;23;;;;;;;;;;
Abstract244;23;;;;;;;;;;
Abstract278;23;;;;;;;;;;
Abstract285;23;;;;;;;;;;
Abstract346;23;;;;;;;;;;
Abstract427;23;;;;;;;;;;
Abstract483;23;;;;;;;;;;
Abstract655;23;;;;;;;;;;
Abstract732;23;;;;;;;;;;
Abstract774;23;;;;;;;;;;
Abstract1078;23;;;;;;;;;;
Abstract1109;23;;;;;;;;;;
Abstract1281;23;;;;;;;;;;
Abstract1425;23;;;;;;;;;;
Abstract2;24;;;;;;;;;;
Abstract150;24;;;;;;;;;;
Abstract276;24;;;;;;;;;;
Abstract291;24;;;;;;;;;;
Abstract329;24;;;;;;;;;;
Abstract409;24;;;;;;;;;;
Abstract481;24;;;;;;;;;;
Abstract500;24;;;;;;;;;;
Abstract512;24;;;;;;;;;;
Abstract585;24;;;;;;;;;;
Abstract619;24;;;;;;;;;;
Abstract649;24;;;;;;;;;;
Abstract652;24;;;;;;;;;;
Abstract673;24;;;;;;;;;;
Abstract683;24;;;;;;;;;;
Abstract687;24;;;;;;;;;;
Abstract701;24;;;;;;;;;;
Abstract716;24;;;;;;;;;;
Abstract750;24;;;;;;;;;;
Abstract828;24;;;;;;;;;;
Abstract911;24;;;;;;;;;;
Abstract969;24;;;;;;;;;;
Abstract1021;24;;;;;;;;;;
Abstract1085;24;;;;;;;;;;
Abstract1113;24;;;;;;;;;;
Abstract1146;24;;;;;;;;;;
Abstract1173;24;;;;;;;;;;
Abstract1216;24;;;;;;;;;;
Abstract1226;24;;;;;;;;;;
Abstract1380;24;;;;;;;;;;
Abstract1455;24;;;;;;;;;;
Abstract9;25;;;;;;;;;;
Abstract16;25;;;;;;;;;;
Abstract20;25;;;;;;;;;;
Abstract187;25;;;;;;;;;;
Abstract243;25;;;;;;;;;;
Abstract252;25;;;;;;;;;;
Abstract338;25;;;;;;;;;;
Abstract381;25;;;;;;;;;;
Abstract399;25;;;;;;;;;;
Abstract681;25;;;;;;;;;;
Abstract766;25;;;;;;;;;;
Abstract805;25;;;;;;;;;;
Abstract944;25;;;;;;;;;;
Abstract958;25;;;;;;;;;;
Abstract1059;25;;;;;;;;;;
Abstract1080;25;;;;;;;;;;
Abstract1163;25;;;;;;;;;;
Abstract1174;25;;;;;;;;;;
Abstract1223;25;;;;;;;;;;
Abstract1364;25;;;;;;;;;;
Abstract1372;25;;;;;;;;;;
Abstract1433;25;;;;;;;;;;
Abstract11;26;;;;;;;;;;
Abstract68;26;;;;;;;;;;
Abstract78;26;;;;;;;;;;
Abstract156;26;;;;;;;;;;
Abstract235;26;;;;;;;;;;
Abstract239;26;;;;;;;;;;
Abstract345;26;;;;;;;;;;
Abstract453;26;;;;;;;;;;
Abstract534;26;;;;;;;;;;
Abstract539;26;;;;;;;;;;
Abstract547;26;;;;;;;;;;
Abstract590;26;;;;;;;;;;
Abstract633;26;;;;;;;;;;
Abstract659;26;;;;;;;;;;
Abstract684;26;;;;;;;;;;
Abstract768;26;;;;;;;;;;
Abstract789;26;;;;;;;;;;
Abstract815;26;;;;;;;;;;
Abstract833;26;;;;;;;;;;
Abstract885;26;;;;;;;;;;
Abstract939;26;;;;;;;;;;
Abstract979;26;;;;;;;;;;
Abstract1039;26;;;;;;;;;;
Abstract1114;26;;;;;;;;;;
Abstract1116;26;;;;;;;;;;
Abstract1208;26;;;;;;;;;;
Abstract1219;26;;;;;;;;;;
Abstract1264;26;;;;;;;;;;
Abstract1279;26;;;;;;;;;;
Abstract1282;26;;;;;;;;;;
Abstract1309;26;;;;;;;;;;
Abstract1310;26;;;;;;;;;;
Abstract1320;26;;;;;;;;;;
Abstract1359;26;;;;;;;;;;
Abstract1378;26;;;;;;;;;;
Abstract1458;26;;;;;;;;;;
Abstract13;27;;;;;;;;;;
Abstract26;27;;;;;;;;;;
Abstract27;27;;;;;;;;;;
Abstract193;27;;;;;;;;;;
Abstract194;27;;;;;;;;;;
Abstract199;27;;;;;;;;;;
Abstract200;27;;;;;;;;;;
Abstract201;27;;;;;;;;;;
Abstract203;27;;;;;;;;;;
Abstract204;27;;;;;;;;;;
Abstract315;27;;;;;;;;;;
Abstract334;27;;;;;;;;;;
Abstract408;27;;;;;;;;;;
Abstract514;27;;;;;;;;;;
Abstract522;27;;;;;;;;;;
Abstract875;27;;;;;;;;;;
Abstract879;27;;;;;;;;;;
Abstract908;27;;;;;;;;;;
Abstract949;27;;;;;;;;;;
Abstract997;27;;;;;;;;;;
Abstract998;27;;;;;;;;;;
Abstract1046;27;;;;;;;;;;
Abstract1183;27;;;;;;;;;;
Abstract1194;27;;;;;;;;;;
Abstract1225;27;;;;;;;;;;
Abstract1276;27;;;;;;;;;;
Abstract1287;27;;;;;;;;;;
Abstract1301;27;;;;;;;;;;
Abstract1367;27;;;;;;;;;;
Abstract1390;27;;;;;;;;;;
Abstract1437;27;;;;;;;;;;
Abstract1472;27;;;;;;;;;;
Abstract1475;27;;;;;;;;;;
Abstract1476;27;;;;;;;;;;
Abstract1;28;;;;;;;;;;
Abstract38;28;;;;;;;;;;
Abstract122;28;;;;;;;;;;
Abstract124;28;;;;;;;;;;
Abstract154;28;;;;;;;;;;
Abstract226;28;;;;;;;;;;
Abstract229;28;;;;;;;;;;
Abstract251;28;;;;;;;;;;
Abstract262;28;;;;;;;;;;
Abstract267;28;;;;;;;;;;
Abstract271;28;;;;;;;;;;
Abstract272;28;;;;;;;;;;
Abstract273;28;;;;;;;;;;
Abstract284;28;;;;;;;;;;
Abstract301;28;;;;;;;;;;
Abstract352;28;;;;;;;;;;
Abstract386;28;;;;;;;;;;
Abstract387;28;;;;;;;;;;
Abstract443;28;;;;;;;;;;
Abstract477;28;;;;;;;;;;
Abstract488;28;;;;;;;;;;
Abstract611;28;;;;;;;;;;
Abstract675;28;;;;;;;;;;
Abstract704;28;;;;;;;;;;
Abstract788;28;;;;;;;;;;
Abstract792;28;;;;;;;;;;
Abstract802;28;;;;;;;;;;
Abstract808;28;;;;;;;;;;
Abstract850;28;;;;;;;;;;
Abstract868;28;;;;;;;;;;
Abstract961;28;;;;;;;;;;
Abstract984;28;;;;;;;;;;
Abstract1000;28;;;;;;;;;;
Abstract1149;28;;;;;;;;;;
Abstract1261;28;;;;;;;;;;
Abstract1294;28;;;;;;;;;;
Abstract77;29;;;;;;;;;;
Abstract192;29;;;;;;;;;;
Abstract208;29;;;;;;;;;;
Abstract211;29;;;;;;;;;;
Abstract233;29;;;;;;;;;;
Abstract377;29;;;;;;;;;;
Abstract457;29;;;;;;;;;;
Abstract464;29;;;;;;;;;;
Abstract543;29;;;;;;;;;;
Abstract545;29;;;;;;;;;;
Abstract598;29;;;;;;;;;;
Abstract650;29;;;;;;;;;;
Abstract709;29;;;;;;;;;;
Abstract777;29;;;;;;;;;;
Abstract834;29;;;;;;;;;;
Abstract857;29;;;;;;;;;;
Abstract865;29;;;;;;;;;;
Abstract867;29;;;;;;;;;;
Abstract959;29;;;;;;;;;;
Abstract1145;29;;;;;;;;;;
Abstract1217;29;;;;;;;;;;
Abstract1218;29;;;;;;;;;;
Abstract1322;29;;;;;;;;;;
Abstract1342;29;;;;;;;;;;
Abstract23;30;;;;;;;;;;
Abstract37;30;;;;;;;;;;
Abstract108;30;;;;;;;;;;
Abstract141;30;;;;;;;;;;
Abstract231;30;;;;;;;;;;
Abstract232;30;;;;;;;;;;
Abstract264;30;;;;;;;;;;
Abstract279;30;;;;;;;;;;
Abstract302;30;;;;;;;;;;
Abstract336;30;;;;;;;;;;
Abstract340;30;;;;;;;;;;
Abstract505;30;;;;;;;;;;
Abstract519;30;;;;;;;;;;
Abstract533;30;;;;;;;;;;
Abstract578;30;;;;;;;;;;
Abstract714;30;;;;;;;;;;
Abstract854;30;;;;;;;;;;
Abstract860;30;;;;;;;;;;
Abstract910;30;;;;;;;;;;
Abstract1006;30;;;;;;;;;;
Abstract1010;30;;;;;;;;;;
Abstract1022;30;;;;;;;;;;
Abstract1029;30;;;;;;;;;;
Abstract1036;30;;;;;;;;;;
Abstract1051;30;;;;;;;;;;
Abstract1073;30;;;;;;;;;;
Abstract1176;30;;;;;;;;;;
Abstract1197;30;;;;;;;;;;
Abstract1244;30;;;;;;;;;;
Abstract1365;30;;;;;;;;;;
Abstract1379;30;;;;;;;;;;
Abstract1429;30;;;;;;;;;;
Abstract1460;30;;;;;;;;;;
Abstract1462;30;;;;;;;;;;
Abstract44;31;;;;;;;;;;
Abstract75;31;;;;;;;;;;
Abstract88;31;;;;;;;;;;
Abstract90;31;;;;;;;;;;
Abstract246;31;;;;;;;;;;
Abstract269;31;;;;;;;;;;
Abstract344;31;;;;;;;;;;
Abstract396;31;;;;;;;;;;
Abstract407;31;;;;;;;;;;
Abstract459;31;;;;;;;;;;
Abstract498;31;;;;;;;;;;
Abstract527;31;;;;;;;;;;
Abstract557;31;;;;;;;;;;
Abstract562;31;;;;;;;;;;
Abstract566;31;;;;;;;;;;
Abstract569;31;;;;;;;;;;
Abstract575;31;;;;;;;;;;
Abstract580;31;;;;;;;;;;
Abstract583;31;;;;;;;;;;
Abstract682;31;;;;;;;;;;
Abstract708;31;;;;;;;;;;
Abstract727;31;;;;;;;;;;
Abstract749;31;;;;;;;;;;
Abstract838;31;;;;;;;;;;
Abstract914;31;;;;;;;;;;
Abstract952;31;;;;;;;;;;
Abstract960;31;;;;;;;;;;
Abstract1062;31;;;;;;;;;;
Abstract1064;31;;;;;;;;;;
Abstract1105;31;;;;;;;;;;
Abstract1129;31;;;;;;;;;;
Abstract1130;31;;;;;;;;;;
Abstract1133;31;;;;;;;;;;
Abstract1136;31;;;;;;;;;;
Abstract1137;31;;;;;;;;;;
Abstract1147;31;;;;;;;;;;
Abstract1204;31;;;;;;;;;;
Abstract1224;31;;;;;;;;;;
Abstract1232;31;;;;;;;;;;
Abstract1423;31;;;;;;;;;;
Abstract31;32;;;;;;;;;;
Abstract52;32;;;;;;;;;;
Abstract76;32;;;;;;;;;;
Abstract110;32;;;;;;;;;;
Abstract125;32;;;;;;;;;;
Abstract132;32;;;;;;;;;;
Abstract144;32;;;;;;;;;;
Abstract177;32;;;;;;;;;;
Abstract188;32;;;;;;;;;;
Abstract197;32;;;;;;;;;;
Abstract238;32;;;;;;;;;;
Abstract311;32;;;;;;;;;;
Abstract337;32;;;;;;;;;;
Abstract343;32;;;;;;;;;;
Abstract397;32;;;;;;;;;;
Abstract444;32;;;;;;;;;;
Abstract540;32;;;;;;;;;;
Abstract651;32;;;;;;;;;;
Abstract706;32;;;;;;;;;;
Abstract810;32;;;;;;;;;;
Abstract814;32;;;;;;;;;;
Abstract819;32;;;;;;;;;;
Abstract822;32;;;;;;;;;;
Abstract832;32;;;;;;;;;;
Abstract845;32;;;;;;;;;;
Abstract856;32;;;;;;;;;;
Abstract858;32;;;;;;;;;;
Abstract861;32;;;;;;;;;;
Abstract870;32;;;;;;;;;;
Abstract905;32;;;;;;;;;;
Abstract907;32;;;;;;;;;;
Abstract926;32;;;;;;;;;;
Abstract965;32;;;;;;;;;;
Abstract983;32;;;;;;;;;;
Abstract991;32;;;;;;;;;;
Abstract996;32;;;;;;;;;;
Abstract1052;32;;;;;;;;;;
Abstract1081;32;;;;;;;;;;
Abstract1091;32;;;;;;;;;;
Abstract1153;32;;;;;;;;;;
Abstract1160;32;;;;;;;;;;
Abstract1207;32;;;;;;;;;;
Abstract1239;32;;;;;;;;;;
Abstract1317;32;;;;;;;;;;
Abstract1440;32;;;;;;;;;;
Abstract69;33;;;;;;;;;;
Abstract80;33;;;;;;;;;;
Abstract236;33;;;;;;;;;;
Abstract298;33;;;;;;;;;;
Abstract360;33;;;;;;;;;;
Abstract375;33;;;;;;;;;;
Abstract388;33;;;;;;;;;;
Abstract429;33;;;;;;;;;;
Abstract430;33;;;;;;;;;;
Abstract452;33;;;;;;;;;;
Abstract473;33;;;;;;;;;;
Abstract507;33;;;;;;;;;;
Abstract624;33;;;;;;;;;;
Abstract686;33;;;;;;;;;;
Abstract729;33;;;;;;;;;;
Abstract826;33;;;;;;;;;;
Abstract873;33;;;;;;;;;;
Abstract881;33;;;;;;;;;;
Abstract883;33;;;;;;;;;;
Abstract902;33;;;;;;;;;;
Abstract973;33;;;;;;;;;;
Abstract974;33;;;;;;;;;;
Abstract975;33;;;;;;;;;;
Abstract976;33;;;;;;;;;;
Abstract981;33;;;;;;;;;;
Abstract982;33;;;;;;;;;;
Abstract989;33;;;;;;;;;;
Abstract990;33;;;;;;;;;;
Abstract994;33;;;;;;;;;;
Abstract995;33;;;;;;;;;;
Abstract1001;33;;;;;;;;;;
Abstract1003;33;;;;;;;;;;
Abstract1004;33;;;;;;;;;;
Abstract1008;33;;;;;;;;;;
Abstract1009;33;;;;;;;;;;
Abstract1011;33;;;;;;;;;;
Abstract1012;33;;;;;;;;;;
Abstract1018;33;;;;;;;;;;
Abstract1019;33;;;;;;;;;;
Abstract1020;33;;;;;;;;;;
Abstract1026;33;;;;;;;;;;
Abstract1066;33;;;;;;;;;;
Abstract1107;33;;;;;;;;;;
Abstract1202;33;;;;;;;;;;
Abstract1266;33;;;;;;;;;;
Abstract1300;33;;;;;;;;;;
Abstract1376;33;;;;;;;;;;
Abstract1394;33;;;;;;;;;;
Abstract1396;33;;;;;;;;;;
Abstract1399;33;;;;;;;;;;
Abstract1400;33;;;;;;;;;;
Abstract1404;33;;;;;;;;;;
Abstract1406;33;;;;;;;;;;
Abstract1415;33;;;;;;;;;;
Abstract1419;33;;;;;;;;;;
Abstract1432;33;;;;;;;;;;
Abstract1448;33;;;;;;;;;;
Abstract1453;33;;;;;;;;;;
Abstract1466;33;;;;;;;;;;
Abstract61;34;;;;;;;;;;
Abstract105;34;;;;;;;;;;
Abstract120;34;;;;;;;;;;
Abstract137;34;;;;;;;;;;
Abstract207;34;;;;;;;;;;
Abstract256;34;;;;;;;;;;
Abstract257;34;;;;;;;;;;
Abstract275;34;;;;;;;;;;
Abstract424;34;;;;;;;;;;
Abstract489;34;;;;;;;;;;
Abstract536;34;;;;;;;;;;
Abstract564;34;;;;;;;;;;
Abstract567;34;;;;;;;;;;
Abstract605;34;;;;;;;;;;
Abstract703;34;;;;;;;;;;
Abstract720;34;;;;;;;;;;
Abstract837;34;;;;;;;;;;
Abstract941;34;;;;;;;;;;
Abstract1032;34;;;;;;;;;;
Abstract1068;34;;;;;;;;;;
Abstract1069;34;;;;;;;;;;
Abstract1126;34;;;;;;;;;;
Abstract1203;34;;;;;;;;;;
Abstract1243;34;;;;;;;;;;
Abstract1286;34;;;;;;;;;;
Abstract1436;34;;;;;;;;;;
Abstract8;35;;;;;;;;;;
Abstract30;35;;;;;;;;;;
Abstract104;35;;;;;;;;;;
Abstract114;35;;;;;;;;;;
Abstract119;35;;;;;;;;;;
Abstract130;35;;;;;;;;;;
Abstract138;35;;;;;;;;;;
Abstract145;35;;;;;;;;;;
Abstract250;35;;;;;;;;;;
Abstract324;35;;;;;;;;;;
Abstract328;35;;;;;;;;;;
Abstract341;35;;;;;;;;;;
Abstract378;35;;;;;;;;;;
Abstract395;35;;;;;;;;;;
Abstract490;35;;;;;;;;;;
Abstract589;35;;;;;;;;;;
Abstract627;35;;;;;;;;;;
Abstract636;35;;;;;;;;;;
Abstract872;35;;;;;;;;;;
Abstract948;35;;;;;;;;;;
Abstract970;35;;;;;;;;;;
Abstract1049;35;;;;;;;;;;
Abstract1148;35;;;;;;;;;;
Abstract1152;35;;;;;;;;;;
Abstract1199;35;;;;;;;;;;
Abstract1233;35;;;;;;;;;;
Abstract1235;35;;;;;;;;;;
Abstract1255;35;;;;;;;;;;
Abstract1416;35;;;;;;;;;;
Abstract96;36;;;;;;;;;;
Abstract164;36;;;;;;;;;;
Abstract165;36;;;;;;;;;;
Abstract196;36;;;;;;;;;;
Abstract220;36;;;;;;;;;;
Abstract237;36;;;;;;;;;;
Abstract309;36;;;;;;;;;;
Abstract450;36;;;;;;;;;;
Abstract487;36;;;;;;;;;;
Abstract538;36;;;;;;;;;;
Abstract721;36;;;;;;;;;;
Abstract742;36;;;;;;;;;;
Abstract831;36;;;;;;;;;;
Abstract839;36;;;;;;;;;;
Abstract849;36;;;;;;;;;;
Abstract864;36;;;;;;;;;;
Abstract874;36;;;;;;;;;;
Abstract946;36;;;;;;;;;;
Abstract953;36;;;;;;;;;;
Abstract1230;36;;;;;;;;;;
Abstract1277;36;;;;;;;;;;
Abstract1304;36;;;;;;;;;;
Abstract1305;36;;;;;;;;;;
Abstract1362;36;;;;;;;;;;
Abstract1430;36;;;;;;;;;;
Abstract1452;36;;;;;;;;;;
Abstract1461;36;;;;;;;;;;
Abstract3;37;;;;;;;;;;
Abstract65;37;;;;;;;;;;
Abstract67;37;;;;;;;;;;
Abstract72;37;;;;;;;;;;
Abstract82;37;;;;;;;;;;
Abstract97;37;;;;;;;;;;
Abstract118;37;;;;;;;;;;
Abstract182;37;;;;;;;;;;
Abstract183;37;;;;;;;;;;
Abstract223;37;;;;;;;;;;
Abstract224;37;;;;;;;;;;
Abstract242;37;;;;;;;;;;
Abstract289;37;;;;;;;;;;
Abstract300;37;;;;;;;;;;
Abstract365;37;;;;;;;;;;
Abstract493;37;;;;;;;;;;
Abstract495;37;;;;;;;;;;
Abstract496;37;;;;;;;;;;
Abstract506;37;;;;;;;;;;
Abstract509;37;;;;;;;;;;
Abstract542;37;;;;;;;;;;
Abstract556;37;;;;;;;;;;
Abstract559;37;;;;;;;;;;
Abstract586;37;;;;;;;;;;
Abstract588;37;;;;;;;;;;
Abstract601;37;;;;;;;;;;
Abstract646;37;;;;;;;;;;
Abstract712;37;;;;;;;;;;
Abstract723;37;;;;;;;;;;
Abstract764;37;;;;;;;;;;
Abstract778;37;;;;;;;;;;
Abstract820;37;;;;;;;;;;
Abstract966;37;;;;;;;;;;
Abstract999;37;;;;;;;;;;
Abstract1005;37;;;;;;;;;;
Abstract1024;37;;;;;;;;;;
Abstract1025;37;;;;;;;;;;
Abstract1028;37;;;;;;;;;;
Abstract1061;37;;;;;;;;;;
Abstract1086;37;;;;;;;;;;
Abstract1118;37;;;;;;;;;;
Abstract1231;37;;;;;;;;;;
Abstract1234;37;;;;;;;;;;
Abstract1308;37;;;;;;;;;;
Abstract1383;37;;;;;;;;;;
Abstract79;38;;;;;;;;;;
Abstract83;38;;;;;;;;;;
Abstract112;38;;;;;;;;;;
Abstract189;38;;;;;;;;;;
Abstract202;38;;;;;;;;;;
Abstract372;38;;;;;;;;;;
Abstract577;38;;;;;;;;;;
Abstract587;38;;;;;;;;;;
Abstract666;38;;;;;;;;;;
Abstract771;38;;;;;;;;;;
Abstract816;38;;;;;;;;;;
Abstract891;38;;;;;;;;;;
Abstract894;38;;;;;;;;;;
Abstract896;38;;;;;;;;;;
Abstract917;38;;;;;;;;;;
Abstract947;38;;;;;;;;;;
Abstract957;38;;;;;;;;;;
Abstract1013;38;;;;;;;;;;
Abstract1014;38;;;;;;;;;;
Abstract1169;38;;;;;;;;;;
Abstract1355;38;;;;;;;;;;
Abstract1395;38;;;;;;;;;;
Abstract1398;38;;;;;;;;;;
Abstract1449;38;;;;;;;;;;
Abstract57;39;;;;;;;;;;
Abstract92;39;;;;;;;;;;
Abstract170;39;;;;;;;;;;
Abstract172;39;;;;;;;;;;
Abstract297;39;;;;;;;;;;
Abstract325;39;;;;;;;;;;
Abstract332;39;;;;;;;;;;
Abstract403;39;;;;;;;;;;
Abstract439;39;;;;;;;;;;
Abstract594;39;;;;;;;;;;
Abstract676;39;;;;;;;;;;
Abstract696;39;;;;;;;;;;
Abstract722;39;;;;;;;;;;
Abstract728;39;;;;;;;;;;
Abstract785;39;;;;;;;;;;
Abstract876;39;;;;;;;;;;
Abstract899;39;;;;;;;;;;
Abstract950;39;;;;;;;;;;
Abstract993;39;;;;;;;;;;
Abstract1043;39;;;;;;;;;;
Abstract1074;39;;;;;;;;;;
Abstract1075;39;;;;;;;;;;
Abstract1123;39;;;;;;;;;;
Abstract1164;39;;;;;;;;;;
Abstract1166;39;;;;;;;;;;
Abstract1222;39;;;;;;;;;;
Abstract1306;39;;;;;;;;;;
Abstract1326;39;;;;;;;;;;
Abstract1343;39;;;;;;;;;;
Abstract1344;39;;;;;;;;;;
Abstract1345;39;;;;;;;;;;
Abstract1349;39;;;;;;;;;;
Abstract1350;39;;;;;;;;;;
Abstract1351;39;;;;;;;;;;
Abstract1357;39;;;;;;;;;;
Abstract1374;39;;;;;;;;;;
Abstract1382;39;;;;;;;;;;
Abstract1410;39;;;;;;;;;;
Abstract140;40;;;;;;;;;;
Abstract148;40;;;;;;;;;;
Abstract216;40;;;;;;;;;;
Abstract368;40;;;;;;;;;;
Abstract385;40;;;;;;;;;;
Abstract419;40;;;;;;;;;;
Abstract480;40;;;;;;;;;;
Abstract571;40;;;;;;;;;;
Abstract597;40;;;;;;;;;;
Abstract663;40;;;;;;;;;;
Abstract690;40;;;;;;;;;;
Abstract795;40;;;;;;;;;;
Abstract863;40;;;;;;;;;;
Abstract869;40;;;;;;;;;;
Abstract906;40;;;;;;;;;;
Abstract1027;40;;;;;;;;;;
Abstract1112;40;;;;;;;;;;
Abstract1155;40;;;;;;;;;;
Abstract1187;40;;;;;;;;;;
Abstract1212;40;;;;;;;;;;
Abstract1241;40;;;;;;;;;;
Abstract1262;40;;;;;;;;;;
Abstract1324;40;;;;;;;;;;
Abstract1333;40;;;;;;;;;;
Abstract1361;40;;;;;;;;;;
Abstract1384;40;;;;;;;;;;
Abstract22;41;;;;;;;;;;
Abstract168;41;;;;;;;;;;
Abstract190;41;;;;;;;;;;
Abstract258;41;;;;;;;;;;
Abstract268;41;;;;;;;;;;
Abstract326;41;;;;;;;;;;
Abstract327;41;;;;;;;;;;
Abstract333;41;;;;;;;;;;
Abstract367;41;;;;;;;;;;
Abstract371;41;;;;;;;;;;
Abstract373;41;;;;;;;;;;
Abstract376;41;;;;;;;;;;
Abstract380;41;;;;;;;;;;
Abstract389;41;;;;;;;;;;
Abstract401;41;;;;;;;;;;
Abstract410;41;;;;;;;;;;
Abstract416;41;;;;;;;;;;
Abstract417;41;;;;;;;;;;
Abstract418;41;;;;;;;;;;
Abstract431;41;;;;;;;;;;
Abstract435;41;;;;;;;;;;
Abstract465;41;;;;;;;;;;
Abstract486;41;;;;;;;;;;
Abstract576;41;;;;;;;;;;
Abstract613;41;;;;;;;;;;
Abstract693;41;;;;;;;;;;
Abstract745;41;;;;;;;;;;
Abstract882;41;;;;;;;;;;
Abstract887;41;;;;;;;;;;
Abstract900;41;;;;;;;;;;
Abstract923;41;;;;;;;;;;
Abstract956;41;;;;;;;;;;
Abstract1115;41;;;;;;;;;;
Abstract1127;41;;;;;;;;;;
Abstract1131;41;;;;;;;;;;
Abstract1132;41;;;;;;;;;;
Abstract1158;41;;;;;;;;;;
Abstract1245;41;;;;;;;;;;
Abstract1268;41;;;;;;;;;;
Abstract1272;41;;;;;;;;;;
Abstract1280;41;;;;;;;;;;
Abstract1289;41;;;;;;;;;;
Abstract1426;41;;;;;;;;;;
Abstract40;42;;;;;;;;;;
Abstract81;42;;;;;;;;;;
Abstract253;42;;;;;;;;;;
Abstract265;42;;;;;;;;;;
Abstract266;42;;;;;;;;;;
Abstract374;42;;;;;;;;;;
Abstract383;42;;;;;;;;;;
Abstract398;42;;;;;;;;;;
Abstract428;42;;;;;;;;;;
Abstract434;42;;;;;;;;;;
Abstract447;42;;;;;;;;;;
Abstract494;42;;;;;;;;;;
Abstract508;42;;;;;;;;;;
Abstract551;42;;;;;;;;;;
Abstract563;42;;;;;;;;;;
Abstract592;42;;;;;;;;;;
Abstract593;42;;;;;;;;;;
Abstract614;42;;;;;;;;;;
Abstract734;42;;;;;;;;;;
Abstract735;42;;;;;;;;;;
Abstract748;42;;;;;;;;;;
Abstract796;42;;;;;;;;;;
Abstract827;42;;;;;;;;;;
Abstract843;42;;;;;;;;;;
Abstract846;42;;;;;;;;;;
Abstract847;42;;;;;;;;;;
Abstract884;42;;;;;;;;;;
Abstract1031;42;;;;;;;;;;
Abstract1124;42;;;;;;;;;;
Abstract1157;42;;;;;;;;;;
Abstract1180;42;;;;;;;;;;
Abstract1248;42;;;;;;;;;;
Abstract1456;42;;;;;;;;;;
Abstract245;43;;;;;;;;;;
Abstract294;43;;;;;;;;;;
Abstract400;43;;;;;;;;;;
Abstract437;43;;;;;;;;;;
Abstract440;43;;;;;;;;;;
Abstract442;43;;;;;;;;;;
Abstract467;43;;;;;;;;;;
Abstract532;43;;;;;;;;;;
Abstract671;43;;;;;;;;;;
Abstract698;43;;;;;;;;;;
Abstract724;43;;;;;;;;;;
Abstract924;43;;;;;;;;;;
Abstract927;43;;;;;;;;;;
Abstract1053;43;;;;;;;;;;
Abstract1161;43;;;;;;;;;;
Abstract1191;43;;;;;;;;;;
Abstract1292;43;;;;;;;;;;
Abstract1368;43;;;;;;;;;;
Abstract1409;43;;;;;;;;;;
Abstract17;44;;;;;;;;;;
Abstract25;44;;;;;;;;;;
Abstract155;44;;;;;;;;;;
Abstract174;44;;;;;;;;;;
Abstract210;44;;;;;;;;;;
Abstract219;44;;;;;;;;;;
Abstract225;44;;;;;;;;;;
Abstract259;44;;;;;;;;;;
Abstract305;44;;;;;;;;;;
Abstract330;44;;;;;;;;;;
Abstract356;44;;;;;;;;;;
Abstract359;44;;;;;;;;;;
Abstract485;44;;;;;;;;;;
Abstract555;44;;;;;;;;;;
Abstract726;44;;;;;;;;;;
Abstract755;44;;;;;;;;;;
Abstract756;44;;;;;;;;;;
Abstract757;44;;;;;;;;;;
Abstract758;44;;;;;;;;;;
Abstract759;44;;;;;;;;;;
Abstract760;44;;;;;;;;;;
Abstract761;44;;;;;;;;;;
Abstract762;44;;;;;;;;;;
Abstract765;44;;;;;;;;;;
Abstract780;44;;;;;;;;;;
Abstract783;44;;;;;;;;;;
Abstract784;44;;;;;;;;;;
Abstract786;44;;;;;;;;;;
Abstract787;44;;;;;;;;;;
Abstract798;44;;;;;;;;;;
Abstract804;44;;;;;;;;;;
Abstract818;44;;;;;;;;;;
Abstract851;44;;;;;;;;;;
Abstract890;44;;;;;;;;;;
Abstract971;44;;;;;;;;;;
Abstract1090;44;;;;;;;;;;
Abstract1104;44;;;;;;;;;;
Abstract1167;44;;;;;;;;;;
Abstract1213;44;;;;;;;;;;
Abstract1271;44;;;;;;;;;;
Abstract1295;44;;;;;;;;;;
Abstract1338;44;;;;;;;;;;
Abstract1341;44;;;;;;;;;;
Abstract1346;44;;;;;;;;;;
Abstract1347;44;;;;;;;;;;
Abstract1363;44;;;;;;;;;;
Abstract1434;44;;;;;;;;;;
Abstract1481;44;;;;;;;;;;
Abstract71;45;;;;;;;;;;
Abstract121;45;;;;;;;;;;
Abstract152;45;;;;;;;;;;
Abstract153;45;;;;;;;;;;
Abstract181;45;;;;;;;;;;
Abstract228;45;;;;;;;;;;
Abstract384;45;;;;;;;;;;
Abstract433;45;;;;;;;;;;
Abstract502;45;;;;;;;;;;
Abstract596;45;;;;;;;;;;
Abstract608;45;;;;;;;;;;
Abstract621;45;;;;;;;;;;
Abstract625;45;;;;;;;;;;
Abstract694;45;;;;;;;;;;
Abstract695;45;;;;;;;;;;
Abstract799;45;;;;;;;;;;
Abstract813;45;;;;;;;;;;
Abstract880;45;;;;;;;;;;
Abstract963;45;;;;;;;;;;
Abstract987;45;;;;;;;;;;
Abstract992;45;;;;;;;;;;
Abstract1100;45;;;;;;;;;;
Abstract1162;45;;;;;;;;;;
Abstract1265;45;;;;;;;;;;
Abstract1274;45;;;;;;;;;;
Abstract1302;45;;;;;;;;;;
Abstract1321;45;;;;;;;;;;
Abstract1469;45;;;;;;;;;;
Abstract1470;45;;;;;;;;;;
Abstract1471;45;;;;;;;;;;
